"date","duration","location","source","orig.data","commodity","quantity","unit","price.min","price.max","X","year","quarter","month","week","date.common","month.common"
1858-01-01,"","Bayrūt","258FC9E7-A9B3-4EB3-BA59-C99A9D208F21","Beirut and Mount Lebanon: Ps 120 per year","newspaper",1,"day",0.328767123287671,NA,"",1858-01-01,1858-01-01,1858-01-01,1857-12-28,2000-01-01,2000-01-01
1858-01-01,"","Bayrūt","258FC9E7-A9B3-4EB3-BA59-C99A9D208F21","Ottoman Empire: Ps 144 per year","newspaper",1,"day",0.394520547945205,NA,"",1858-01-01,1858-01-01,1858-01-01,1857-12-28,2000-01-01,2000-01-01
1861-12-19,"","Bayrūt","90A58F6E-5D5C-4589-A432-E3AAB60BBDD1","Beirut and Mount Lebanon: Ps 120 per year","newspaper",1,"day",0.328767123287671,NA,"",1861-01-01,1861-10-01,1861-12-01,1861-12-16,2000-12-18,2000-12-01
1861-12-19,"","Bayrūt","90A58F6E-5D5C-4589-A432-E3AAB60BBDD1","Ottoman Empire: Ps 144 per year","newspaper",1,"day",0.394520547945205,NA,"",1861-01-01,1861-10-01,1861-12-01,1861-12-16,2000-12-18,2000-12-01
1861-12-26,"","Bayrūt","26FA3000-73E3-45CD-A0FF-4FA370CFD77A","Beirut; Mount Lebanon; Mosul; and Baghdad: 5 Mecidiye; 5 Frcs per year","newspaper",1,"day",0.0136986301369863,0.273972602739726,"",1861-01-01,1861-10-01,1861-12-01,1861-12-23,2000-12-25,2000-12-01
1861-12-26,"","Bayrūt","26FA3000-73E3-45CD-A0FF-4FA370CFD77A","Damascus; Aleppo; Constantinople; Egypt; and all costal areas: 6 Mecidiye; 5 Frcs per year","newspaper",1,"day",0.0136986301369863,0.328767123287671,"",1861-01-01,1861-10-01,1861-12-01,1861-12-23,2000-12-25,2000-12-01
1861-12-26,"","Bayrūt","26FA3000-73E3-45CD-A0FF-4FA370CFD77A","Gaza; Nablus; Jerusalem; Hama; Homs: 7 Mecidiye; 5 Frcs per year","newspaper",1,"day",0.0136986301369863,0.383561643835616,"",1861-01-01,1861-10-01,1861-12-01,1861-12-23,2000-12-25,2000-12-01
1861-12-26,"","Bayrūt","26FA3000-73E3-45CD-A0FF-4FA370CFD77A","Adana; Europe; Western countries; India; and China: 8 Mecidiye; 5 Frcs per year","newspaper",1,"day",0.0136986301369863,0.438356164383562,"",1861-01-01,1861-10-01,1861-12-01,1861-12-23,2000-12-25,2000-12-01
1862-12-25,"","Bayrūt","6C846DE9-FC3C-4BB4-B8B4-15B140E1572F","Beirut; Mount Lebanon; Mosul; and Baghdad: 5 Mecidiye; 5 Frcs per year","newspaper",1,"day",0.0136986301369863,0.273972602739726,"",1862-01-01,1862-10-01,1862-12-01,1862-12-22,2000-12-24,2000-12-01
1862-12-25,"","Bayrūt","6C846DE9-FC3C-4BB4-B8B4-15B140E1572F","Damascus; Aleppo; Constantinople; Egypt; and all costal areas: 6 Mecidiye; 5 Frcs per year","newspaper",1,"day",0.0136986301369863,0.328767123287671,"",1862-01-01,1862-10-01,1862-12-01,1862-12-22,2000-12-24,2000-12-01
1862-12-25,"","Bayrūt","6C846DE9-FC3C-4BB4-B8B4-15B140E1572F","Gaza; Nablus; Jerusalem; Hama; Homs: 7 Mecidiye; 5 Frcs per year","newspaper",1,"day",0.0136986301369863,0.383561643835616,"",1862-01-01,1862-10-01,1862-12-01,1862-12-22,2000-12-24,2000-12-01
1862-12-25,"","Bayrūt","6C846DE9-FC3C-4BB4-B8B4-15B140E1572F","Adana; Europe; Western countries; India; and China: 8 Mecidiye; 5 Frcs per year","newspaper",1,"day",0.0136986301369863,0.438356164383562,"",1862-01-01,1862-10-01,1862-12-01,1862-12-22,2000-12-24,2000-12-01
1863-01-01,"","Bayrūt","A70A5471-A68C-48D8-968E-0B64F75F1CDC","Beirut; Mount Lebanon; Mosul; and Baghdad: Ps 120 per year","newspaper",1,"day",0.328767123287671,NA,"",1863-01-01,1863-01-01,1863-01-01,1862-12-29,2000-01-01,2000-01-01
1863-01-01,"","Bayrūt","A70A5471-A68C-48D8-968E-0B64F75F1CDC","Damascus; Aleppo; Constantinople; Egypt; and all costal areas: Ps 144 per year","newspaper",1,"day",0.394520547945205,NA,"",1863-01-01,1863-01-01,1863-01-01,1862-12-29,2000-01-01,2000-01-01
1863-01-01,"","Bayrūt","A70A5471-A68C-48D8-968E-0B64F75F1CDC","Gaza; Nablus; Jerusalem; Hama; Homs: Ps 168 per year","newspaper",1,"day",0.46027397260274,NA,"",1863-01-01,1863-01-01,1863-01-01,1862-12-29,2000-01-01,2000-01-01
1863-01-01,"","Bayrūt","A70A5471-A68C-48D8-968E-0B64F75F1CDC","Adana; Yirbā [Europe]; Western countries; India; and China: Ps 192 per year","newspaper",1,"day",0.526027397260274,NA,"",1863-01-01,1863-01-01,1863-01-01,1862-12-29,2000-01-01,2000-01-01
1863-12-31,"","Bayrūt","0E9D5166-73E1-4362-837A-08CD42AD61E0","Beirut; Mount Lebanon; Mosul; and Baghdad: Ps 120 per year","newspaper",1,"day",0.328767123287671,NA,"",1863-01-01,1863-10-01,1863-12-01,1863-12-28,2000-12-30,2000-12-01
1863-12-31,"","Bayrūt","0E9D5166-73E1-4362-837A-08CD42AD61E0","Damascus; Aleppo; Constantinople; Egypt; and all costal areas: Ps 144 per year","newspaper",1,"day",0.394520547945205,NA,"",1863-01-01,1863-10-01,1863-12-01,1863-12-28,2000-12-30,2000-12-01
1863-12-31,"","Bayrūt","0E9D5166-73E1-4362-837A-08CD42AD61E0","Gaza; Nablus; Jerusalem; Hama; Homs: Ps 168 per year","newspaper",1,"day",0.46027397260274,NA,"",1863-01-01,1863-10-01,1863-12-01,1863-12-28,2000-12-30,2000-12-01
1863-12-31,"","Bayrūt","0E9D5166-73E1-4362-837A-08CD42AD61E0","Adana; Yirbā [Europe]; Western countries; India; and China: Ps 192 per year","newspaper",1,"day",0.526027397260274,NA,"",1863-01-01,1863-10-01,1863-12-01,1863-12-28,2000-12-30,2000-12-01
1864-05-12,"","Bayrūt","2C579231-4E5B-488B-B594-914C475F3E58","Beirut; Mount Lebanon; Mosul; and Baghdad: Ps 120 per year","newspaper",1,"day",0.328767123287671,NA,"",1864-01-01,1864-04-01,1864-05-01,1864-05-09,2000-05-12,2000-05-01
1864-05-12,"","Bayrūt","2C579231-4E5B-488B-B594-914C475F3E58","Damascus; Aleppo; Constantinople; Egypt; and all costal areas: Ps 144 per year","newspaper",1,"day",0.394520547945205,NA,"",1864-01-01,1864-04-01,1864-05-01,1864-05-09,2000-05-12,2000-05-01
1864-05-12,"","Bayrūt","2C579231-4E5B-488B-B594-914C475F3E58","Gaza; Nablus; Jerusalem; Hama; Homs: Ps 168 per year","newspaper",1,"day",0.46027397260274,NA,"",1864-01-01,1864-04-01,1864-05-01,1864-05-09,2000-05-12,2000-05-01
1864-05-12,"","Bayrūt","2C579231-4E5B-488B-B594-914C475F3E58","Adana; Yirbā [Europe]; Western countries; India; and China: Ps 192 per year","newspaper",1,"day",0.526027397260274,NA,"",1864-01-01,1864-04-01,1864-05-01,1864-05-09,2000-05-12,2000-05-01
1864-05-19,"","Bayrūt","BC1EBD13-F81F-4106-A668-0CCA6A91604F","Beirut; Mount Lebanon; Mosul; and Baghdad: Ps 120 per year","newspaper",1,"day",0.328767123287671,NA,"",1864-01-01,1864-04-01,1864-05-01,1864-05-16,2000-05-19,2000-05-01
1864-05-19,"","Bayrūt","BC1EBD13-F81F-4106-A668-0CCA6A91604F","Damascus; Aleppo; Constantinople; Egypt; and all costal areas: Ps 144 per year","newspaper",1,"day",0.394520547945205,NA,"",1864-01-01,1864-04-01,1864-05-01,1864-05-16,2000-05-19,2000-05-01
1864-05-19,"","Bayrūt","BC1EBD13-F81F-4106-A668-0CCA6A91604F","Gaza; Nablus; Jerusalem; Hama; Homs: Ps 168 per year","newspaper",1,"day",0.46027397260274,NA,"",1864-01-01,1864-04-01,1864-05-01,1864-05-16,2000-05-19,2000-05-01
1864-05-19,"","Bayrūt","BC1EBD13-F81F-4106-A668-0CCA6A91604F","Adana; Yirbā [Europe]; Western countries; India; and China: Ps 162 per year","newspaper",1,"day",0.443835616438356,NA,"",1864-01-01,1864-04-01,1864-05-01,1864-05-16,2000-05-19,2000-05-01
1865-02-16,"","Bayrūt","105B506F-8262-4824-93E2-824E416AD768","Beirut; Mount Lebanon; Mosul; and Baghdad: Ps 120 per year","newspaper",1,"day",0.328767123287671,NA,"",1865-01-01,1865-01-01,1865-02-01,1865-02-13,2000-02-16,2000-02-01
1865-02-16,"","Bayrūt","105B506F-8262-4824-93E2-824E416AD768","Damascus; Aleppo; Constantinople; Egypt; and all costal areas: Ps 144 per year","newspaper",1,"day",0.394520547945205,NA,"",1865-01-01,1865-01-01,1865-02-01,1865-02-13,2000-02-16,2000-02-01
1865-02-16,"","Bayrūt","105B506F-8262-4824-93E2-824E416AD768","Gaza; Nablus; Jerusalem; Hama; Homs: Ps 186 per year","newspaper",1,"day",0.50958904109589,NA,"",1865-01-01,1865-01-01,1865-02-01,1865-02-13,2000-02-16,2000-02-01
1865-02-16,"","Bayrūt","105B506F-8262-4824-93E2-824E416AD768","Adana; Yirbā [Europe]; Western countries; India; and China: Ps 162 per year","newspaper",1,"day",0.443835616438356,NA,"",1865-01-01,1865-01-01,1865-02-01,1865-02-13,2000-02-16,2000-02-01
1870-07-03,"","Bayrūt","543FC9F6-DF66-4D73-B9A8-DFFC6105A769","in Beirut: Ps 50 per year","newspaper",1,"day",0.136986301369863,NA,"",1870-01-01,1870-07-01,1870-07-01,1870-06-27,2000-07-02,2000-07-01
1870-07-03,"","Bayrūt","543FC9F6-DF66-4D73-B9A8-DFFC6105A769","outside: Ps 60 per year; due to postage fees","newspaper",1,"day",0.164383561643836,NA,"",1870-01-01,1870-07-01,1870-07-01,1870-06-27,2000-07-02,2000-07-01
1871-01-07,"","Bayrūt","1DC62F63-5DFA-4D19-BFEB-DC56CF70CC6E","in Beirut: Ps 50 per year","newspaper",1,"day",0.136986301369863,NA,"",1871-01-01,1871-01-01,1871-01-01,1871-01-02,2000-01-07,2000-01-01
1871-01-07,"","Bayrūt","1DC62F63-5DFA-4D19-BFEB-DC56CF70CC6E","outside: Ps 60 per year; due to postage fees","newspaper",1,"day",0.164383561643836,NA,"",1871-01-01,1871-01-01,1871-01-01,1871-01-02,2000-01-07,2000-01-01
1871-04-01,"","Bayrūt","CF004581-872F-4BC2-8F50-DB726FDEB617","in Beirut: Ps 50 per year","newspaper",1,"day",0.136986301369863,NA,"",1871-01-01,1871-04-01,1871-04-01,1871-03-27,2000-03-31,2000-03-01
1871-04-01,"","Bayrūt","CF004581-872F-4BC2-8F50-DB726FDEB617","outside: Ps 60 per year; due to postage fees","newspaper",1,"day",0.164383561643836,NA,"",1871-01-01,1871-04-01,1871-04-01,1871-03-27,2000-03-31,2000-03-01
1871-12-02,"","Bayrūt","1660D51F-BA72-4034-A7F5-E9374A9ACD1D","in Beirut: Ps 50 per year","newspaper",1,"day",0.136986301369863,NA,"",1871-01-01,1871-10-01,1871-12-01,1871-11-27,2000-12-01,2000-12-01
1871-12-02,"","Bayrūt","1660D51F-BA72-4034-A7F5-E9374A9ACD1D","outside: Ps 65 per year; due to postage fees","newspaper",1,"day",0.178082191780822,NA,"",1871-01-01,1871-10-01,1871-12-01,1871-11-27,2000-12-01,2000-12-01
1871-12-02,"","Bayrūt","1660D51F-BA72-4034-A7F5-E9374A9ACD1D","Ps 1 for a single copy","newspaper",1,"issue",1,NA,"",1871-01-01,1871-10-01,1871-12-01,1871-11-27,2000-12-01,2000-12-01
1872-01-02,"","Bayrūt","6FCC585B-5C93-47B0-8C13-FB297FA0D1BE","in Beirut: Ps 50 per year","newspaper",1,"day",0.136986301369863,NA,"",1872-01-01,1872-01-01,1872-01-01,1872-01-01,2000-01-02,2000-01-01
1872-01-02,"","Bayrūt","6FCC585B-5C93-47B0-8C13-FB297FA0D1BE","outside: Ps 65 per year; due to postage fees","newspaper",1,"day",0.178082191780822,NA,"",1872-01-01,1872-01-01,1872-01-01,1872-01-01,2000-01-02,2000-01-01
1872-01-02,"","Bayrūt","6FCC585B-5C93-47B0-8C13-FB297FA0D1BE","Ps 1 for a single copy","newspaper",1,"issue",1,NA,"",1872-01-01,1872-01-01,1872-01-01,1872-01-01,2000-01-02,2000-01-01
1873-01-04,"","Bayrūt","92D3F750-B80A-423F-B112-1473BFD6D8D5","in Beirut: Ps 50 per year","newspaper",1,"day",0.136986301369863,NA,"",1873-01-01,1873-01-01,1873-01-01,1872-12-30,2000-01-04,2000-01-01
1873-01-04,"","Bayrūt","92D3F750-B80A-423F-B112-1473BFD6D8D5","outside: Ps 65 per year; due to postage fees","newspaper",1,"day",0.178082191780822,NA,"",1873-01-01,1873-01-01,1873-01-01,1872-12-30,2000-01-04,2000-01-01
1873-01-04,"","Bayrūt","92D3F750-B80A-423F-B112-1473BFD6D8D5","Ps 1 for a single copy","newspaper",1,"issue",1,NA,"",1873-01-01,1873-01-01,1873-01-01,1872-12-30,2000-01-04,2000-01-01
1874-01-02,"","Bayrūt","B9F98FAB-7CFA-4397-9E84-A1DC73E0D301","in Beirut: Ps 50 per year","newspaper",1,"day",0.136986301369863,NA,"",1874-01-01,1874-01-01,1874-01-01,1873-12-29,2000-01-02,2000-01-01
1874-01-02,"","Bayrūt","B9F98FAB-7CFA-4397-9E84-A1DC73E0D301","outside: Ps 65 per year; due to postage fees","newspaper",1,"day",0.178082191780822,NA,"",1874-01-01,1874-01-01,1874-01-01,1873-12-29,2000-01-02,2000-01-01
1874-01-02,"","Bayrūt","B9F98FAB-7CFA-4397-9E84-A1DC73E0D301","Ps 1 for a single copy","newspaper",1,"issue",1,NA,"",1874-01-01,1874-01-01,1874-01-01,1873-12-29,2000-01-02,2000-01-01
1874-12-31,"","Bayrūt","4CBE297D-E75A-4DB0-91FF-6E0EFF11AAE9","in Beirut: Ps 50 per year","newspaper",1,"day",0.136986301369863,NA,"",1874-01-01,1874-10-01,1874-12-01,1874-12-28,2000-12-30,2000-12-01
1874-12-31,"","Bayrūt","4CBE297D-E75A-4DB0-91FF-6E0EFF11AAE9","outside: Ps 65 per year; due to postage fees","newspaper",1,"day",0.178082191780822,NA,"",1874-01-01,1874-10-01,1874-12-01,1874-12-28,2000-12-30,2000-12-01
1874-12-31,"","Bayrūt","4CBE297D-E75A-4DB0-91FF-6E0EFF11AAE9","Ps 1 for a single copy","newspaper",1,"issue",1,NA,"",1874-01-01,1874-10-01,1874-12-01,1874-12-28,2000-12-30,2000-12-01
1875-06-22,"","Bayrūt","A2E3DF65-2838-4C52-8335-8F3073D2C0CA","Beirut and Lebanon: 12 Frcs per year","newspaper",1,"day",0.0328767123287671,NA,"",1875-01-01,1875-04-01,1875-06-01,1875-06-21,2000-06-21,2000-06-01
1875-06-22,"","Bayrūt","A2E3DF65-2838-4C52-8335-8F3073D2C0CA","Beirut and Lebanon: 8 Frcs per 6 months","newspaper",1,"day",0.111111111112329,NA,"",1875-01-01,1875-04-01,1875-06-01,1875-06-21,2000-06-21,2000-06-01
1875-06-22,"","Bayrūt","A2E3DF65-2838-4C52-8335-8F3073D2C0CA","Rest of the Ottoman Empire (including shipping): 15 Frcs per year","newspaper",1,"day",0.0410958904109589,NA,"",1875-01-01,1875-04-01,1875-06-01,1875-06-21,2000-06-21,2000-06-01
1875-06-22,"","Bayrūt","A2E3DF65-2838-4C52-8335-8F3073D2C0CA","Rest of the Ottoman Empire (including shipping): 9 Frcs per 6 months","newspaper",1,"day",0.12500000000137,NA,"",1875-01-01,1875-04-01,1875-06-01,1875-06-21,2000-06-21,2000-06-01
1875-06-22,"","Bayrūt","A2E3DF65-2838-4C52-8335-8F3073D2C0CA","other places (including shipping): 18 Frcs per year","newspaper",1,"day",0.0493150684931507,NA,"",1875-01-01,1875-04-01,1875-06-01,1875-06-21,2000-06-21,2000-06-01
1875-06-22,"","Bayrūt","A2E3DF65-2838-4C52-8335-8F3073D2C0CA","Ps 1.5 per copy","newspaper",1,"issue",1.5,NA,"",1875-01-01,1875-04-01,1875-06-01,1875-06-21,2000-06-21,2000-06-01
1877-10-18,"","Bayrūt","3EA28517-244F-4A09-86BE-0EA7E27B8443","price per copy: Ps 1","newspaper",1,"issue",1,NA,"",1877-01-01,1877-10-01,1877-10-01,1877-10-15,2000-10-17,2000-10-01
1877-10-18,"","Bayrūt","3EA28517-244F-4A09-86BE-0EA7E27B8443","In Beirut and Lebanon for a year: 14 Frcs","newspaper",1,"day",0.0383561643835616,NA,"",1877-01-01,1877-10-01,1877-10-01,1877-10-15,2000-10-17,2000-10-01
1877-10-18,"","Bayrūt","3EA28517-244F-4A09-86BE-0EA7E27B8443","All other locations for a year: 18 Frcs","newspaper",1,"day",0.0493150684931507,NA,"",1877-01-01,1877-10-01,1877-10-01,1877-10-15,2000-10-17,2000-10-01
1878-10-17,"","Bayrūt","04E49609-CA9D-4187-8C64-05C81D64A72D","In Beirut and Lebanon for a year: 14 Frcs","newspaper",1,"day",0.0383561643835616,NA,"",1878-01-01,1878-10-01,1878-10-01,1878-10-14,2000-10-16,2000-10-01
1878-10-17,"","Bayrūt","04E49609-CA9D-4187-8C64-05C81D64A72D","All other locations for a year: 18 Frcs","newspaper",1,"day",0.0493150684931507,NA,"",1878-01-01,1878-10-01,1878-10-01,1878-10-14,2000-10-16,2000-10-01
1878-10-17,"","Bayrūt","04E49609-CA9D-4187-8C64-05C81D64A72D","price per copy: Ps 1","newspaper",1,"issue",1,NA,"",1878-01-01,1878-10-01,1878-10-01,1878-10-14,2000-10-16,2000-10-01
1878-11-18,"","Bayrūt","BB413E10-91C7-4EBD-A792-990BC6954386","Beirut and Lebanon: 12 Frcs per year","newspaper",1,"day",0.0328767123287671,NA,"",1878-01-01,1878-10-01,1878-11-01,1878-11-18,2000-11-17,2000-11-01
1878-11-18,"","Bayrūt","BB413E10-91C7-4EBD-A792-990BC6954386","Beirut and Lebanon: 8 Frcs per 6 months","newspaper",1,"day",0.111111111112329,NA,"",1878-01-01,1878-10-01,1878-11-01,1878-11-18,2000-11-17,2000-11-01
1878-11-18,"","Bayrūt","BB413E10-91C7-4EBD-A792-990BC6954386","Rest of the Ottoman Empire (including shipping): 15 Frcs per year","newspaper",1,"day",0.0410958904109589,NA,"",1878-01-01,1878-10-01,1878-11-01,1878-11-18,2000-11-17,2000-11-01
1878-11-18,"","Bayrūt","BB413E10-91C7-4EBD-A792-990BC6954386","Rest of the Ottoman Empire (including shipping): 9 Frcs per 6 months","newspaper",1,"day",0.12500000000137,NA,"",1878-01-01,1878-10-01,1878-11-01,1878-11-18,2000-11-17,2000-11-01
1878-11-18,"","Bayrūt","BB413E10-91C7-4EBD-A792-990BC6954386","other places (including shipping): 18 Frcs per year","newspaper",1,"day",0.0493150684931507,NA,"",1878-01-01,1878-10-01,1878-11-01,1878-11-18,2000-11-17,2000-11-01
1878-11-18,"","Bayrūt","BB413E10-91C7-4EBD-A792-990BC6954386","other places (including shipping): 11 Frcs per 6 months","newspaper",1,"day",0.152777777779452,NA,"",1878-01-01,1878-10-01,1878-11-01,1878-11-18,2000-11-17,2000-11-01
1878-11-18,"","Bayrūt","BB413E10-91C7-4EBD-A792-990BC6954386","An addition 6 Frcs for shipping per 6 months is charged for subscriptions from India","newspaper",1,"day",0.0833333333342466,NA,"",1878-01-01,1878-10-01,1878-11-01,1878-11-18,2000-11-17,2000-11-01
1878-11-18,"","Bayrūt","BB413E10-91C7-4EBD-A792-990BC6954386","Ps 1 per copy","newspaper",1,"issue",1,NA,"",1878-01-01,1878-10-01,1878-11-01,1878-11-18,2000-11-17,2000-11-01
1880-01-05,"","Bayrūt","6B3C1B37-497E-457B-B4D7-45EA180A9A83","in Beirut: Ps 100 per year","newspaper",1,"day",0.273972602739726,NA,"",1880-01-01,1880-01-01,1880-01-01,1880-01-05,2000-01-05,2000-01-01
1880-01-05,"","Bayrūt","6B3C1B37-497E-457B-B4D7-45EA180A9A83","in Lebanon and other locations: Ps 120 per year","newspaper",1,"day",0.328767123287671,NA,"",1880-01-01,1880-01-01,1880-01-01,1880-01-05,2000-01-05,2000-01-01
1880-01-05,"","Bayrūt","6B3C1B37-497E-457B-B4D7-45EA180A9A83","Ps 1;5 per copy","newspaper",1,"issue",1.5,NA,"",1880-01-01,1880-01-01,1880-01-01,1880-01-05,2000-01-05,2000-01-01
1880-12-30,"","Bayrūt","D966B085-F20D-47C4-A340-3F8200B8BBA7","in Beirut: Ps 80 per year","newspaper",1,"day",0.219178082191781,NA,"",1880-01-01,1880-10-01,1880-12-01,1880-12-27,2000-12-30,2000-12-01
1880-12-30,"","Bayrūt","D966B085-F20D-47C4-A340-3F8200B8BBA7","in Lebanon and other locations: Ps 100 per year","newspaper",1,"day",0.273972602739726,NA,"",1880-01-01,1880-10-01,1880-12-01,1880-12-27,2000-12-30,2000-12-01
1880-12-30,"","Bayrūt","D966B085-F20D-47C4-A340-3F8200B8BBA7","Ps 1;5 per copy","newspaper",1,"issue",1.5,NA,"",1880-01-01,1880-10-01,1880-12-01,1880-12-27,2000-12-30,2000-12-01
1882-01-30,"","Bayrūt","8BE1387C-EEB1-4AF2-A0B1-89A1E5492846","Ps 1.5 per copy","newspaper",1,"issue",1.5,NA,"",1882-01-01,1882-01-01,1882-01-01,1882-01-30,2000-01-30,2000-01-01
1882-01-30,"","Bayrūt","8BE1387C-EEB1-4AF2-A0B1-89A1E5492846","Beirut and Lebanon: 12 Frcs per year","newspaper",1,"day",0.0328767123287671,NA,"",1882-01-01,1882-01-01,1882-01-01,1882-01-30,2000-01-30,2000-01-01
1882-01-30,"","Bayrūt","8BE1387C-EEB1-4AF2-A0B1-89A1E5492846","Beirut and Lebanon: 8 Frcs per 6 months","newspaper",1,"day",0.111111111112329,NA,"",1882-01-01,1882-01-01,1882-01-01,1882-01-30,2000-01-30,2000-01-01
1882-01-30,"","Bayrūt","8BE1387C-EEB1-4AF2-A0B1-89A1E5492846","Rest of the Ottoman Empire (including shipping): 15 Frcs per year","newspaper",1,"day",0.0410958904109589,NA,"",1882-01-01,1882-01-01,1882-01-01,1882-01-30,2000-01-30,2000-01-01
1882-01-30,"","Bayrūt","8BE1387C-EEB1-4AF2-A0B1-89A1E5492846","Rest of the Ottoman Empire (including shipping): 9 Frcs per 6 months","newspaper",1,"day",0.12500000000137,NA,"",1882-01-01,1882-01-01,1882-01-01,1882-01-30,2000-01-30,2000-01-01
1882-01-30,"","Bayrūt","8BE1387C-EEB1-4AF2-A0B1-89A1E5492846","other places (including shipping): 18 Frcs per year","newspaper",1,"day",0.0493150684931507,NA,"",1882-01-01,1882-01-01,1882-01-01,1882-01-30,2000-01-30,2000-01-01
1882-01-30,"","Bayrūt","8BE1387C-EEB1-4AF2-A0B1-89A1E5492846","other places (including shipping): 11 Frcs per 6 months","newspaper",1,"day",0.152777777779452,NA,"",1882-01-01,1882-01-01,1882-01-01,1882-01-30,2000-01-30,2000-01-01
1882-01-30,"","Bayrūt","8BE1387C-EEB1-4AF2-A0B1-89A1E5492846","An addition 6 Frcs for shipping per 6 months is charged for subscriptions from India","newspaper",1,"day",0.0833333333342466,NA,"",1882-01-01,1882-01-01,1882-01-01,1882-01-30,2000-01-30,2000-01-01
1883-05-28,"","Bayrūt","7D8930A0-3809-4DCC-AE4F-9FA5E5EB8ABB","Ps 1 per copy","newspaper",1,"issue",1,NA,"",1883-01-01,1883-04-01,1883-05-01,1883-05-28,2000-05-27,2000-05-01
1883-05-28,"","Bayrūt","7D8930A0-3809-4DCC-AE4F-9FA5E5EB8ABB","Beirut and Lebanon: 14 Frcs per year","newspaper",1,"day",0.0383561643835616,NA,"",1883-01-01,1883-04-01,1883-05-01,1883-05-28,2000-05-27,2000-05-01
1883-05-28,"","Bayrūt","7D8930A0-3809-4DCC-AE4F-9FA5E5EB8ABB","other locations: 18 Frcs per year","newspaper",1,"day",0.0493150684931507,NA,"",1883-01-01,1883-04-01,1883-05-01,1883-05-28,2000-05-27,2000-05-01
1886-01-04,"","Bayrūt","8F047A3F-7DCA-4CE2-A6FE-2C3BCB10DC62","Ps 1.5 per copy","newspaper",1,"issue",1.5,NA,"",1886-01-01,1886-01-01,1886-01-01,1886-01-04,2000-01-04,2000-01-01
1886-01-04,"","Bayrūt","8F047A3F-7DCA-4CE2-A6FE-2C3BCB10DC62","Beirut and Lebanon: 12 Frcs per year","newspaper",1,"day",0.0328767123287671,NA,"",1886-01-01,1886-01-01,1886-01-01,1886-01-04,2000-01-04,2000-01-01
1886-01-04,"","Bayrūt","8F047A3F-7DCA-4CE2-A6FE-2C3BCB10DC62","Beirut and Lebanon: 8 Frcs per 6 months","newspaper",1,"day",0.111111111112329,NA,"",1886-01-01,1886-01-01,1886-01-01,1886-01-04,2000-01-04,2000-01-01
1886-01-04,"","Bayrūt","8F047A3F-7DCA-4CE2-A6FE-2C3BCB10DC62","Rest of the Ottoman Empire (including shipping): 15 Frcs per year","newspaper",1,"day",0.0410958904109589,NA,"",1886-01-01,1886-01-01,1886-01-01,1886-01-04,2000-01-04,2000-01-01
1886-01-04,"","Bayrūt","8F047A3F-7DCA-4CE2-A6FE-2C3BCB10DC62","Rest of the Ottoman Empire (including shipping): 9 Frcs per 6 months","newspaper",1,"day",0.12500000000137,NA,"",1886-01-01,1886-01-01,1886-01-01,1886-01-04,2000-01-04,2000-01-01
1886-01-04,"","Bayrūt","8F047A3F-7DCA-4CE2-A6FE-2C3BCB10DC62","other places (including shipping): 18 Frcs per year","newspaper",1,"day",0.0493150684931507,NA,"",1886-01-01,1886-01-01,1886-01-01,1886-01-04,2000-01-04,2000-01-01
1886-01-04,"","Bayrūt","8F047A3F-7DCA-4CE2-A6FE-2C3BCB10DC62","other places (including shipping): 11 Frcs per 6 months","newspaper",1,"day",0.152777777779452,NA,"",1886-01-01,1886-01-01,1886-01-01,1886-01-04,2000-01-04,2000-01-01
1886-01-04,"","Bayrūt","8F047A3F-7DCA-4CE2-A6FE-2C3BCB10DC62","An addition 6 Frcs for shipping per 6 months is charged for subscriptions from India","newspaper",1,"day",0.0833333333342466,NA,"",1886-01-01,1886-01-01,1886-01-01,1886-01-04,2000-01-04,2000-01-01
1887-01-03,"","Bayrūt","E60498D1-81E2-47A4-AE29-F41D87697CBD","Beirut and Lebanon: 12 Frcs per year","newspaper",1,"day",0.0328767123287671,NA,"",1887-01-01,1887-01-01,1887-01-01,1887-01-03,2000-01-03,2000-01-01
1887-01-03,"","Bayrūt","E60498D1-81E2-47A4-AE29-F41D87697CBD","Beirut and Lebanon: 8 Frcs per 6 months","newspaper",1,"day",0.111111111112329,NA,"",1887-01-01,1887-01-01,1887-01-01,1887-01-03,2000-01-03,2000-01-01
1887-01-03,"","Bayrūt","E60498D1-81E2-47A4-AE29-F41D87697CBD","Rest of the Ottoman Empire (including shipping): 15 Frcs per year","newspaper",1,"day",0.0410958904109589,NA,"",1887-01-01,1887-01-01,1887-01-01,1887-01-03,2000-01-03,2000-01-01
1887-01-03,"","Bayrūt","E60498D1-81E2-47A4-AE29-F41D87697CBD","Rest of the Ottoman Empire (including shipping): 9 Frcs per 6 months","newspaper",1,"day",0.12500000000137,NA,"",1887-01-01,1887-01-01,1887-01-01,1887-01-03,2000-01-03,2000-01-01
1887-01-03,"","Bayrūt","E60498D1-81E2-47A4-AE29-F41D87697CBD","other places (including shipping): 18 Frcs per year","newspaper",1,"day",0.0493150684931507,NA,"",1887-01-01,1887-01-01,1887-01-01,1887-01-03,2000-01-03,2000-01-01
1887-01-03,"","Bayrūt","E60498D1-81E2-47A4-AE29-F41D87697CBD","other places (including shipping): 11 Frcs per 6 months","newspaper",1,"day",0.152777777779452,NA,"",1887-01-01,1887-01-01,1887-01-01,1887-01-03,2000-01-03,2000-01-01
1887-01-03,"","Bayrūt","E60498D1-81E2-47A4-AE29-F41D87697CBD","An addition 9 Frcs for shipping per 6 months is charged for subscriptions from India","newspaper",1,"day",0.12500000000137,NA,"",1887-01-01,1887-01-01,1887-01-01,1887-01-03,2000-01-03,2000-01-01
1887-01-03,"","Bayrūt","E60498D1-81E2-47A4-AE29-F41D87697CBD","Ps 1.5 per copy","newspaper",1,"issue",1.5,NA,"",1887-01-01,1887-01-01,1887-01-01,1887-01-03,2000-01-03,2000-01-01
1888-01-02,"","Bayrūt","71542CFC-E5E9-4CA5-8E26-B06E7FD4D8DC","Ps 1.5 per copy","newspaper",1,"issue",1.5,NA,"",1888-01-01,1888-01-01,1888-01-01,1888-01-02,2000-01-02,2000-01-01
1888-01-02,"","Bayrūt","71542CFC-E5E9-4CA5-8E26-B06E7FD4D8DC","Beirut and Lebanon: 12 Frcs per year","newspaper",1,"day",0.0328767123287671,NA,"",1888-01-01,1888-01-01,1888-01-01,1888-01-02,2000-01-02,2000-01-01
1888-01-02,"","Bayrūt","71542CFC-E5E9-4CA5-8E26-B06E7FD4D8DC","Beirut and Lebanon: 8 Frcs per 6 months","newspaper",1,"day",0.111111111112329,NA,"",1888-01-01,1888-01-01,1888-01-01,1888-01-02,2000-01-02,2000-01-01
1888-01-02,"","Bayrūt","71542CFC-E5E9-4CA5-8E26-B06E7FD4D8DC","Rest of the Ottoman Empire (including shipping): 15 Frcs per year","newspaper",1,"day",0.0410958904109589,NA,"",1888-01-01,1888-01-01,1888-01-01,1888-01-02,2000-01-02,2000-01-01
1888-01-02,"","Bayrūt","71542CFC-E5E9-4CA5-8E26-B06E7FD4D8DC","Rest of the Ottoman Empire (including shipping): 9 Frcs per 6 months","newspaper",1,"day",0.12500000000137,NA,"",1888-01-01,1888-01-01,1888-01-01,1888-01-02,2000-01-02,2000-01-01
1888-01-02,"","Bayrūt","71542CFC-E5E9-4CA5-8E26-B06E7FD4D8DC","other places (including shipping): 18 Frcs per year","newspaper",1,"day",0.0493150684931507,NA,"",1888-01-01,1888-01-01,1888-01-01,1888-01-02,2000-01-02,2000-01-01
1888-01-02,"","Bayrūt","71542CFC-E5E9-4CA5-8E26-B06E7FD4D8DC","other places (including shipping): 11 Frcs per 6 months","newspaper",1,"day",0.152777777779452,NA,"",1888-01-01,1888-01-01,1888-01-01,1888-01-02,2000-01-02,2000-01-01
1888-01-02,"","Bayrūt","71542CFC-E5E9-4CA5-8E26-B06E7FD4D8DC","An addition 9 Frcs for shipping per 6 months is charged for subscriptions from India","newspaper",1,"day",0.12500000000137,NA,"",1888-01-01,1888-01-01,1888-01-01,1888-01-02,2000-01-02,2000-01-01
1889-02-04,"","Bayrūt","5D98570B-2524-4508-BF51-57DB6A7CEF99","Beirut and Lebanon: 12 Frcs per year","newspaper",1,"day",0.0328767123287671,NA,"",1889-01-01,1889-01-01,1889-02-01,1889-02-04,2000-02-04,2000-02-01
1889-02-04,"","Bayrūt","5D98570B-2524-4508-BF51-57DB6A7CEF99","Beirut and Lebanon: 8 Frcs per 6 months","newspaper",1,"day",0.111111111112329,NA,"",1889-01-01,1889-01-01,1889-02-01,1889-02-04,2000-02-04,2000-02-01
1889-02-04,"","Bayrūt","5D98570B-2524-4508-BF51-57DB6A7CEF99","Rest of the Ottoman Empire (including shipping): 15 Frcs per year","newspaper",1,"day",0.0410958904109589,NA,"",1889-01-01,1889-01-01,1889-02-01,1889-02-04,2000-02-04,2000-02-01
1889-02-04,"","Bayrūt","5D98570B-2524-4508-BF51-57DB6A7CEF99","Rest of the Ottoman Empire (including shipping): 9 Frcs per 6 months","newspaper",1,"day",0.12500000000137,NA,"",1889-01-01,1889-01-01,1889-02-01,1889-02-04,2000-02-04,2000-02-01
1889-02-04,"","Bayrūt","5D98570B-2524-4508-BF51-57DB6A7CEF99","other places (including shipping): 18 Frcs per year","newspaper",1,"day",0.0493150684931507,NA,"",1889-01-01,1889-01-01,1889-02-01,1889-02-04,2000-02-04,2000-02-01
1889-02-04,"","Bayrūt","5D98570B-2524-4508-BF51-57DB6A7CEF99","other places (including shipping): 11 Frcs per 6 months","newspaper",1,"day",0.152777777779452,NA,"",1889-01-01,1889-01-01,1889-02-01,1889-02-04,2000-02-04,2000-02-01
1889-02-04,"","Bayrūt","5D98570B-2524-4508-BF51-57DB6A7CEF99","An addition 9 Frcs for shipping per 6 months is charged for subscriptions from India","newspaper",1,"day",0.12500000000137,NA,"",1889-01-01,1889-01-01,1889-02-01,1889-02-04,2000-02-04,2000-02-01
1889-02-04,"","Bayrūt","5D98570B-2524-4508-BF51-57DB6A7CEF99","Ps 1.5 per copy","newspaper",1,"issue",1.5,NA,"",1889-01-01,1889-01-01,1889-02-01,1889-02-04,2000-02-04,2000-02-01
1890-01-06,"","Bayrūt","CD64A034-A080-47FD-BCD3-7EE6F4D87AE7","Beirut and Lebanon: 12 Frcs per year","newspaper",1,"day",0.0328767123287671,NA,"",1890-01-01,1890-01-01,1890-01-01,1890-01-06,2000-01-06,2000-01-01
1890-01-06,"","Bayrūt","CD64A034-A080-47FD-BCD3-7EE6F4D87AE7","Beirut and Lebanon: 8 Frcs per 6 months","newspaper",1,"day",0.111111111112329,NA,"",1890-01-01,1890-01-01,1890-01-01,1890-01-06,2000-01-06,2000-01-01
1890-01-06,"","Bayrūt","CD64A034-A080-47FD-BCD3-7EE6F4D87AE7","Rest of the Ottoman Empire (including shipping): 15 Frcs per year","newspaper",1,"day",0.0410958904109589,NA,"",1890-01-01,1890-01-01,1890-01-01,1890-01-06,2000-01-06,2000-01-01
1890-01-06,"","Bayrūt","CD64A034-A080-47FD-BCD3-7EE6F4D87AE7","Rest of the Ottoman Empire (including shipping): 9 Frcs per 6 months","newspaper",1,"day",0.12500000000137,NA,"",1890-01-01,1890-01-01,1890-01-01,1890-01-06,2000-01-06,2000-01-01
1890-01-06,"","Bayrūt","CD64A034-A080-47FD-BCD3-7EE6F4D87AE7","other places (including shipping): 18 Frcs per year","newspaper",1,"day",0.0493150684931507,NA,"",1890-01-01,1890-01-01,1890-01-01,1890-01-06,2000-01-06,2000-01-01
1890-01-06,"","Bayrūt","CD64A034-A080-47FD-BCD3-7EE6F4D87AE7","other places (including shipping): 11 Frcs per 6 months","newspaper",1,"day",0.152777777779452,NA,"",1890-01-01,1890-01-01,1890-01-01,1890-01-06,2000-01-06,2000-01-01
1890-01-06,"","Bayrūt","CD64A034-A080-47FD-BCD3-7EE6F4D87AE7","An addition 9 Frcs for shipping per 6 months is charged for subscriptions from India","newspaper",1,"day",0.12500000000137,NA,"",1890-01-01,1890-01-01,1890-01-01,1890-01-06,2000-01-06,2000-01-01
1890-01-06,"","Bayrūt","CD64A034-A080-47FD-BCD3-7EE6F4D87AE7","Ps 1.5 per copy","newspaper",1,"issue",1.5,NA,"",1890-01-01,1890-01-01,1890-01-01,1890-01-06,2000-01-06,2000-01-01
1891-01-05,"","Bayrūt","E9A5E102-558E-4ACA-9E2C-3A67B26428CD","Ps 1.5 per copy","newspaper",1,"issue",1.5,NA,"",1891-01-01,1891-01-01,1891-01-01,1891-01-05,2000-01-05,2000-01-01
1891-01-05,"","Bayrūt","E9A5E102-558E-4ACA-9E2C-3A67B26428CD","Beirut and Lebanon: 12 Frcs per year","newspaper",1,"day",0.0328767123287671,NA,"",1891-01-01,1891-01-01,1891-01-01,1891-01-05,2000-01-05,2000-01-01
1891-01-05,"","Bayrūt","E9A5E102-558E-4ACA-9E2C-3A67B26428CD","Beirut and Lebanon: 8 Frcs per 6 months","newspaper",1,"day",0.111111111112329,NA,"",1891-01-01,1891-01-01,1891-01-01,1891-01-05,2000-01-05,2000-01-01
1891-01-05,"","Bayrūt","E9A5E102-558E-4ACA-9E2C-3A67B26428CD","Rest of the Ottoman Empire (including shipping): 15 Frcs per year","newspaper",1,"day",0.0410958904109589,NA,"",1891-01-01,1891-01-01,1891-01-01,1891-01-05,2000-01-05,2000-01-01
1891-01-05,"","Bayrūt","E9A5E102-558E-4ACA-9E2C-3A67B26428CD","Rest of the Ottoman Empire (including shipping): 9 Frcs per 6 months","newspaper",1,"day",0.12500000000137,NA,"",1891-01-01,1891-01-01,1891-01-01,1891-01-05,2000-01-05,2000-01-01
1891-01-05,"","Bayrūt","E9A5E102-558E-4ACA-9E2C-3A67B26428CD","other places (including shipping): 18 Frcs per year","newspaper",1,"day",0.0493150684931507,NA,"",1891-01-01,1891-01-01,1891-01-01,1891-01-05,2000-01-05,2000-01-01
1891-01-05,"","Bayrūt","E9A5E102-558E-4ACA-9E2C-3A67B26428CD","other places (including shipping): 11 Frcs per 6 months","newspaper",1,"day",0.152777777779452,NA,"",1891-01-01,1891-01-01,1891-01-01,1891-01-05,2000-01-05,2000-01-01
1891-01-05,"","Bayrūt","E9A5E102-558E-4ACA-9E2C-3A67B26428CD","An additional 9 Frcs for shipping per 6 months is charged for subscriptions from India","newspaper",1,"day",0.12500000000137,NA,"",1891-01-01,1891-01-01,1891-01-01,1891-01-05,2000-01-05,2000-01-01
1897-01-04,"","Bayrūt","9371B728-C46E-4CD8-B8AF-62BC6640903B","Beirut and Lebanon: 12 Frcs per year","newspaper",1,"day",0.0328767123287671,NA,"",1897-01-01,1897-01-01,1897-01-01,1897-01-04,2000-01-04,2000-01-01
1897-01-04,"","Bayrūt","9371B728-C46E-4CD8-B8AF-62BC6640903B","Rest of the Ottoman Empire (including shipping): 15 Frcs per year","newspaper",1,"day",0.0410958904109589,NA,"",1897-01-01,1897-01-01,1897-01-01,1897-01-04,2000-01-04,2000-01-01
1897-01-04,"","Bayrūt","9371B728-C46E-4CD8-B8AF-62BC6640903B","other places (including shipping): 18 Frcs per year","newspaper",1,"day",0.0493150684931507,NA,"",1897-01-01,1897-01-01,1897-01-01,1897-01-04,2000-01-04,2000-01-01
1897-01-04,"","Bayrūt","9371B728-C46E-4CD8-B8AF-62BC6640903B","Ps 1.5 per copy","newspaper",1,"issue",1.5,NA,"",1897-01-01,1897-01-01,1897-01-01,1897-01-04,2000-01-04,2000-01-01
1898-01-03,"","Bayrūt","E4390C05-7551-4370-BDF4-9C17F68F4C5D","Ps 1.5 per copy","newspaper",1,"issue",1.5,NA,"",1898-01-01,1898-01-01,1898-01-01,1898-01-03,2000-01-03,2000-01-01
1898-01-03,"","Bayrūt","E4390C05-7551-4370-BDF4-9C17F68F4C5D","Beirut and Lebanon: 12 Frcs per year","newspaper",1,"day",0.0328767123287671,NA,"",1898-01-01,1898-01-01,1898-01-01,1898-01-03,2000-01-03,2000-01-01
1898-01-03,"","Bayrūt","E4390C05-7551-4370-BDF4-9C17F68F4C5D","Rest of the Ottoman Empire (including shipping): 15 Frcs per year","newspaper",1,"day",0.0410958904109589,NA,"",1898-01-01,1898-01-01,1898-01-01,1898-01-03,2000-01-03,2000-01-01
1898-01-03,"","Bayrūt","E4390C05-7551-4370-BDF4-9C17F68F4C5D","other places (including shipping): 18 Frcs per year","newspaper",1,"day",0.0493150684931507,NA,"",1898-01-01,1898-01-01,1898-01-01,1898-01-03,2000-01-03,2000-01-01
1899-01-09,"","Bayrūt","3A881FF9-6D05-4C73-8196-CF553E405FED","Beirut and Lebanon: 12 Frcs per year","newspaper",1,"day",0.0328767123287671,NA,"",1899-01-01,1899-01-01,1899-01-01,1899-01-09,2000-01-09,2000-01-01
1899-01-09,"","Bayrūt","3A881FF9-6D05-4C73-8196-CF553E405FED","Rest of the Ottoman Empire (including shipping): 15 Frcs per year","newspaper",1,"day",0.0410958904109589,NA,"",1899-01-01,1899-01-01,1899-01-01,1899-01-09,2000-01-09,2000-01-01
1899-01-09,"","Bayrūt","3A881FF9-6D05-4C73-8196-CF553E405FED","other places (including shipping): 18 Frcs per year","newspaper",1,"day",0.0493150684931507,NA,"",1899-01-01,1899-01-01,1899-01-01,1899-01-09,2000-01-09,2000-01-01
1899-01-09,"","Bayrūt","3A881FF9-6D05-4C73-8196-CF553E405FED","Ps 1.5 per copy","newspaper",1,"issue",1.5,NA,"",1899-01-01,1899-01-01,1899-01-01,1899-01-09,2000-01-09,2000-01-01
1900-01-01,"","Bayrūt","1C7B4426-1147-4B47-B731-B302FF0DA488","Beirut and Lebanon: 12 Frcs per year","newspaper",1,"day",0.0328767123287671,NA,"",1900-01-01,1900-01-01,1900-01-01,1900-01-01,2000-01-01,2000-01-01
1900-01-01,"","Bayrūt","1C7B4426-1147-4B47-B731-B302FF0DA488","Rest of the Ottoman Empire (including shipping): 15 Frcs per year","newspaper",1,"day",0.0410958904109589,NA,"",1900-01-01,1900-01-01,1900-01-01,1900-01-01,2000-01-01,2000-01-01
1900-01-01,"","Bayrūt","1C7B4426-1147-4B47-B731-B302FF0DA488","other places (including shipping): 18 Frcs per year","newspaper",1,"day",0.0493150684931507,NA,"",1900-01-01,1900-01-01,1900-01-01,1900-01-01,2000-01-01,2000-01-01
1900-01-01,"","Bayrūt","1C7B4426-1147-4B47-B731-B302FF0DA488","Ps 1.5 per copy","newspaper",1,"issue",1.5,NA,"",1900-01-01,1900-01-01,1900-01-01,1900-01-01,2000-01-01,2000-01-01
1901-01-07,"","Bayrūt","11D14E78-AEC3-431A-B582-A090C40525B1","Ps 1.5 per copy","newspaper",1,"issue",1.5,NA,"",1901-01-01,1901-01-01,1901-01-01,1901-01-07,2000-01-07,2000-01-01
1901-01-07,"","Bayrūt","11D14E78-AEC3-431A-B582-A090C40525B1","Beirut and Lebanon: 12 Frcs per year","newspaper",1,"day",0.0328767123287671,NA,"",1901-01-01,1901-01-01,1901-01-01,1901-01-07,2000-01-07,2000-01-01
1901-01-07,"","Bayrūt","11D14E78-AEC3-431A-B582-A090C40525B1","Rest of the Ottoman Empire (including shipping): 15 Frcs per year","newspaper",1,"day",0.0410958904109589,NA,"",1901-01-01,1901-01-01,1901-01-01,1901-01-07,2000-01-07,2000-01-01
1901-01-07,"","Bayrūt","11D14E78-AEC3-431A-B582-A090C40525B1","other places (including shipping): 18 Frcs per year","newspaper",1,"day",0.0493150684931507,NA,"",1901-01-01,1901-01-01,1901-01-01,1901-01-07,2000-01-07,2000-01-01
1901-02-02,"","Bayrūt","E97623EE-E4D8-4678-B973-512211CE45E4","Beirut: 1;5 mecidiye per year","newspaper",1,"day",0.0821917808219178,NA,"",1901-01-01,1901-01-01,1901-02-01,1901-01-28,2000-02-02,2000-02-01
1901-02-02,"","Bayrūt","E97623EE-E4D8-4678-B973-512211CE45E4","Outside Beirut: 2 mecidiye per year","newspaper",1,"day",0.10958904109589,NA,"",1901-01-01,1901-01-01,1901-02-01,1901-01-28,2000-02-02,2000-02-01
1901-02-02,"","Bayrūt","E97623EE-E4D8-4678-B973-512211CE45E4","Egypt and Europe: 10 Frcs per year","newspaper",1,"day",0.0273972602739726,NA,"",1901-01-01,1901-01-01,1901-02-01,1901-01-28,2000-02-02,2000-02-01
1901-02-02,"","Bayrūt","E97623EE-E4D8-4678-B973-512211CE45E4","A single copy costs ½ beshlik or 30 Cts","newspaper",1,"issue",0.3,2.5,"",1901-01-01,1901-01-01,1901-02-01,1901-01-28,2000-02-02,2000-02-01
1902-03-27,"","Dimashq","73451684-BAF5-40FA-9C00-347C6E7CC48E","price per issue Ps 1\"20","newspaper",1,"copy",1.5,NA,"",1902-01-01,1902-01-01,1902-03-01,1902-03-24,2000-03-26,2000-03-01
1904-01-04,"","Bayrūt","249336F0-A968-46AA-B64B-30ED21C397DD","Ps 1.5 per copy","newspaper",1,"issue",1.5,NA,"",1904-01-01,1904-01-01,1904-01-01,1904-01-04,2000-01-04,2000-01-01
1904-01-04,"","Bayrūt","249336F0-A968-46AA-B64B-30ED21C397DD","Beirut and Lebanon: 12 Frcs per year","newspaper",1,"day",0.0328767123287671,NA,"",1904-01-01,1904-01-01,1904-01-01,1904-01-04,2000-01-04,2000-01-01
1904-01-04,"","Bayrūt","249336F0-A968-46AA-B64B-30ED21C397DD","Rest of the Ottoman Empire (including shipping): 15 Frcs per year","newspaper",1,"day",0.0410958904109589,NA,"",1904-01-01,1904-01-01,1904-01-01,1904-01-04,2000-01-04,2000-01-01
1904-01-04,"","Bayrūt","249336F0-A968-46AA-B64B-30ED21C397DD","other places (including shipping): 18 Frcs per year","newspaper",1,"day",0.0493150684931507,NA,"",1904-01-01,1904-01-01,1904-01-01,1904-01-04,2000-01-04,2000-01-01
1904-03-18,"","Bayrūt","1747878A-64B7-46B3-BD05-9E7AB6C83C95","in Lebanon and the rest of the Ottoman Empire: 10 Frcs per year","newspaper",1,"day",0.0273972602739726,NA,"",1904-01-01,1904-01-01,1904-03-01,1904-03-14,2000-03-18,2000-03-01
1904-03-18,"","Bayrūt","1747878A-64B7-46B3-BD05-9E7AB6C83C95","America and other distant locations: Frcs 15 per year","newspaper",1,"day",0.0410958904109589,NA,"",1904-01-01,1904-01-01,1904-03-01,1904-03-14,2000-03-18,2000-03-01
1904-03-18,"","Bayrūt","1747878A-64B7-46B3-BD05-9E7AB6C83C95","Ps 1;5 per copy","newspaper",1,"issue",1.5,NA,"",1904-01-01,1904-01-01,1904-03-01,1904-03-14,2000-03-18,2000-03-01
1905-02-27,"","Bayrūt","16AA54EF-D001-4E11-8718-08E9CF15C2FF","Beirut and Lebanon: 12 Frcs per year","newspaper",1,"day",0.0328767123287671,NA,"",1905-01-01,1905-01-01,1905-02-01,1905-02-27,2000-02-27,2000-02-01
1905-02-27,"","Bayrūt","16AA54EF-D001-4E11-8718-08E9CF15C2FF","Rest of the Ottoman Empire (including shipping): 15 Frcs per year","newspaper",1,"day",0.0410958904109589,NA,"",1905-01-01,1905-01-01,1905-02-01,1905-02-27,2000-02-27,2000-02-01
1905-02-27,"","Bayrūt","16AA54EF-D001-4E11-8718-08E9CF15C2FF","other places (including shipping): 18 Frcs per year","newspaper",1,"day",0.0493150684931507,NA,"",1905-01-01,1905-01-01,1905-02-01,1905-02-27,2000-02-27,2000-02-01
1905-02-27,"","Bayrūt","16AA54EF-D001-4E11-8718-08E9CF15C2FF","Ps 1.5 per copy","newspaper",1,"issue",1.5,NA,"",1905-01-01,1905-01-01,1905-02-01,1905-02-27,2000-02-27,2000-02-01
1906-01-08,"","Bayrūt","3E22641F-3A8A-4564-B0A4-CE93382D4031","Beirut and Lebanon: 12 Frcs per year","newspaper",1,"day",0.0328767123287671,NA,"",1906-01-01,1906-01-01,1906-01-01,1906-01-08,2000-01-08,2000-01-01
1906-01-08,"","Bayrūt","3E22641F-3A8A-4564-B0A4-CE93382D4031","Rest of the Ottoman Empire (including shipping): 15 Frcs per year","newspaper",1,"day",0.0410958904109589,NA,"",1906-01-01,1906-01-01,1906-01-01,1906-01-08,2000-01-08,2000-01-01
1906-01-08,"","Bayrūt","3E22641F-3A8A-4564-B0A4-CE93382D4031","other places (including shipping): 18 Frcs per year","newspaper",1,"day",0.0493150684931507,NA,"",1906-01-01,1906-01-01,1906-01-01,1906-01-08,2000-01-08,2000-01-01
1906-01-08,"","Bayrūt","3E22641F-3A8A-4564-B0A4-CE93382D4031","Ps 1.5 per copy","newspaper",1,"issue",1.5,NA,"",1906-01-01,1906-01-01,1906-01-01,1906-01-08,2000-01-08,2000-01-01
1907-01-07,"","Bayrūt","60527A25-7D3F-4B24-9A2D-F80BBDE2A46B","Beirut and Lebanon: 12 Frcs per year","newspaper",1,"day",0.0328767123287671,NA,"",1907-01-01,1907-01-01,1907-01-01,1907-01-07,2000-01-07,2000-01-01
1907-01-07,"","Bayrūt","60527A25-7D3F-4B24-9A2D-F80BBDE2A46B","Rest of the Ottoman Empire (including shipping): 15 Frcs per year","newspaper",1,"day",0.0410958904109589,NA,"",1907-01-01,1907-01-01,1907-01-01,1907-01-07,2000-01-07,2000-01-01
1907-01-07,"","Bayrūt","60527A25-7D3F-4B24-9A2D-F80BBDE2A46B","other places (including shipping): 18 Frcs per year","newspaper",1,"day",0.0493150684931507,NA,"",1907-01-01,1907-01-01,1907-01-01,1907-01-07,2000-01-07,2000-01-01
1907-01-07,"","Bayrūt","60527A25-7D3F-4B24-9A2D-F80BBDE2A46B","Ps 1.5 per copy","newspaper",1,"issue",1.5,NA,"",1907-01-01,1907-01-01,1907-01-01,1907-01-07,2000-01-07,2000-01-01
1908-07-06,"","Bayrūt","EE124298-8486-4EB8-91CD-B01B7C9962C1","Ps 1.5 per copy","newspaper",1,"issue",1.5,NA,"",1908-01-01,1908-07-01,1908-07-01,1908-07-06,2000-07-06,2000-07-01
1908-08-03,"","Bayrūt","EDF21A89-7F46-4D69-91CE-1882364E6E6F","Frcs 8 per year","newspaper",1,"day",0.0219178082191781,NA,"",1908-01-01,1908-07-01,1908-08-01,1908-08-03,2000-08-03,2000-08-01
1908-08-03,"","Bayrūt","EDF21A89-7F46-4D69-91CE-1882364E6E6F","Frcs 5 for six months","newspaper",1,"day",0.0694444444452055,NA,"",1908-01-01,1908-07-01,1908-08-01,1908-08-03,2000-08-03,2000-08-01
1908-08-03,"","Bayrūt","EDF21A89-7F46-4D69-91CE-1882364E6E6F","Frcs 11 per year","newspaper",1,"day",0.0301369863013699,NA,"",1908-01-01,1908-07-01,1908-08-01,1908-08-03,2000-08-03,2000-08-01
1908-08-03,"","Bayrūt","EDF21A89-7F46-4D69-91CE-1882364E6E6F","Frcs 7 for six months","newspaper",1,"day",0.0972222222232877,NA,"",1908-01-01,1908-07-01,1908-08-01,1908-08-03,2000-08-03,2000-08-01
1908-08-24,"","Bayrūt","436893A3-53A9-41B2-B29B-5EF7DE3BEFDF","subscriptions cost 120 Ps","newspaper",1,"day",0.328767123287671,NA,"",1908-01-01,1908-07-01,1908-08-01,1908-08-24,2000-08-24,2000-08-01
1908-10-19,"","Bayrūt","C636CBDC-CAAA-4D16-AB62-6E8CF93F60A1","Beirut and Lebanon: 12 Frcs per year","newspaper",1,"day",0.0328767123287671,NA,"",1908-01-01,1908-10-01,1908-10-01,1908-10-19,2000-10-19,2000-10-01
1908-10-19,"","Bayrūt","C636CBDC-CAAA-4D16-AB62-6E8CF93F60A1","Rest of the Ottoman Empire (including shipping): 15 Frcs per year","newspaper",1,"day",0.0410958904109589,NA,"",1908-01-01,1908-10-01,1908-10-01,1908-10-19,2000-10-19,2000-10-01
1908-10-19,"","Bayrūt","C636CBDC-CAAA-4D16-AB62-6E8CF93F60A1","other places (including shipping): 18 Frcs per year","newspaper",1,"day",0.0493150684931507,NA,"",1908-01-01,1908-10-01,1908-10-01,1908-10-19,2000-10-19,2000-10-01
1908-10-19,"","Bayrūt","C636CBDC-CAAA-4D16-AB62-6E8CF93F60A1","Ps 1.5 per copy","newspaper",1,"issue",1.5,NA,"",1908-01-01,1908-10-01,1908-10-01,1908-10-19,2000-10-19,2000-10-01
1908-12-17,"","Dimashq","762829EA-B712-4345-8FD8-FCAF7BCDF960","In Damascus: 4 Mecidiye per year","newspaper",1,"day",0.219178082191781,NA,"",1908-01-01,1908-10-01,1908-12-01,1908-12-14,2000-12-17,2000-12-01
1908-12-17,"","Dimashq","762829EA-B712-4345-8FD8-FCAF7BCDF960","in Damascus: 2 mecidiye per 6 months","newspaper",1,"day",0.555555555561644,NA,"",1908-01-01,1908-10-01,1908-12-01,1908-12-14,2000-12-17,2000-12-01
1908-12-17,"","Dimashq","762829EA-B712-4345-8FD8-FCAF7BCDF960","In the Ottoman Empire: £T 1 per year","newspaper",1,"day",0.273972602739726,NA,"",1908-01-01,1908-10-01,1908-12-01,1908-12-14,2000-12-17,2000-12-01
1908-12-17,"","Dimashq","762829EA-B712-4345-8FD8-FCAF7BCDF960","outside the Ottoman Empire: 25 Frcs per year","newspaper",1,"day",0.0684931506849315,NA,"",1908-01-01,1908-10-01,1908-12-01,1908-12-14,2000-12-17,2000-12-01
1908-12-17,"","Dimashq","762829EA-B712-4345-8FD8-FCAF7BCDF960","1 Metallik per copy","newspaper",1,"issue",0.25,NA,"",1908-01-01,1908-10-01,1908-12-01,1908-12-14,2000-12-17,2000-12-01
1909-01-01,"","Dimashq","C9B6FBAE-422C-4199-9CA5-11BBC03104D7","In Damascus: 4 Mecidiye per year","newspaper",1,"day",0.219178082191781,NA,"",1909-01-01,1909-01-01,1909-01-01,1908-12-28,2000-01-01,2000-01-01
1909-01-01,"","Dimashq","C9B6FBAE-422C-4199-9CA5-11BBC03104D7","in Damascus: 2 mecidiye per 6 months","newspaper",1,"day",0.555555555561644,NA,"",1909-01-01,1909-01-01,1909-01-01,1908-12-28,2000-01-01,2000-01-01
1909-01-01,"","Dimashq","C9B6FBAE-422C-4199-9CA5-11BBC03104D7","In the Ottoman Empire: £T 1 per year","newspaper",1,"day",0.273972602739726,NA,"",1909-01-01,1909-01-01,1909-01-01,1908-12-28,2000-01-01,2000-01-01
1909-01-01,"","Dimashq","C9B6FBAE-422C-4199-9CA5-11BBC03104D7","outside the Ottoman Empire: 25 Frcs per year","newspaper",1,"day",0.0684931506849315,NA,"",1909-01-01,1909-01-01,1909-01-01,1908-12-28,2000-01-01,2000-01-01
1909-01-01,"","Dimashq","C9B6FBAE-422C-4199-9CA5-11BBC03104D7","1 Metallik per copy","newspaper",1,"issue",0.25,NA,"",1909-01-01,1909-01-01,1909-01-01,1908-12-28,2000-01-01,2000-01-01
1909-04-12,"","Dimashq","0D13B9E7-3F41-4EA5-BAA8-267A9D01CC3E","1 Metallik per copy","newspaper",1,"issue",0.25,NA,"",1909-01-01,1909-04-01,1909-04-01,1909-04-12,2000-04-11,2000-04-01
1909-12-07,"","Bayrūt","DD4574B6-F6A8-4925-B4B0-33F597904772","annual subscription is £T 1","newspaper",1,"day",0.273972602739726,NA,"",1909-01-01,1909-10-01,1909-12-01,1909-12-06,2000-12-06,2000-12-01
1909-12-11,"","Bayrūt","7EC2197E-D51C-4726-8373-DF8742F4361E","annual subscription is £T 1","newspaper",1,"day",0.273972602739726,NA,"",1909-01-01,1909-10-01,1909-12-01,1909-12-06,2000-12-10,2000-12-01
1910-03-09,"","Dimashq","3FB364F5-057C-4EA7-B304-2B49D5D0C555","1 Metallik per copy","newspaper",1,"issue",0.25,NA,"",1910-01-01,1910-01-01,1910-03-01,1910-03-07,2000-03-08,2000-03-01
1910-03-09,"","Dimashq","3FB364F5-057C-4EA7-B304-2B49D5D0C555","In Damascus: 4 Mecidiye per year","newspaper",1,"day",0.219178082191781,NA,"",1910-01-01,1910-01-01,1910-03-01,1910-03-07,2000-03-08,2000-03-01
1910-03-09,"","Dimashq","3FB364F5-057C-4EA7-B304-2B49D5D0C555","in Damascus: 2 mecidiye per 6 months","newspaper",1,"day",0.555555555561644,NA,"",1910-01-01,1910-01-01,1910-03-01,1910-03-07,2000-03-08,2000-03-01
1910-03-09,"","Dimashq","3FB364F5-057C-4EA7-B304-2B49D5D0C555","In the Ottoman Empire: £T 1 per year","newspaper",1,"day",0.273972602739726,NA,"",1910-01-01,1910-01-01,1910-03-01,1910-03-07,2000-03-08,2000-03-01
1910-03-09,"","Dimashq","3FB364F5-057C-4EA7-B304-2B49D5D0C555","outside the Ottoman Empire: 25 Frcs per year","newspaper",1,"day",0.0684931506849315,NA,"",1910-01-01,1910-01-01,1910-03-01,1910-03-07,2000-03-08,2000-03-01
1910-07-23,"","Bayrūt","F74ACAD1-709C-4708-B87A-0C4857191CD2","Beirut and the Ottoman empire: 17 Frcs or Ps 93 per year","newspaper",1,"day",0.0465753424657534,0.254794520547945,"",1910-01-01,1910-07-01,1910-07-01,1910-07-18,2000-07-22,2000-07-01
1910-07-23,"","Bayrūt","F74ACAD1-709C-4708-B87A-0C4857191CD2","Foreign countries: 25 Frcs per year","newspaper",1,"day",0.0684931506849315,NA,"",1910-01-01,1910-07-01,1910-07-01,1910-07-18,2000-07-22,2000-07-01
1910-07-23,"","Bayrūt","F74ACAD1-709C-4708-B87A-0C4857191CD2","Foreign countries: 18 Frcs per year","newspaper",1,"day",0.0493150684931507,NA,"",1910-01-01,1910-07-01,1910-07-01,1910-07-18,2000-07-22,2000-07-01
1910-07-23,"","Bayrūt","F74ACAD1-709C-4708-B87A-0C4857191CD2","8 Frcs or Ps 46 per year","newspaper",1,"day",0.0219178082191781,0.126027397260274,"",1910-01-01,1910-07-01,1910-07-01,1910-07-18,2000-07-22,2000-07-01
1910-08-18,"","Bayrūt","4E613ECF-2A5A-4426-9DED-420DFEE01B2C","Ps 50 per year","newspaper",1,"day",0.136986301369863,NA,"",1910-01-01,1910-07-01,1910-08-01,1910-08-15,2000-08-17,2000-08-01
1911-01-01,"","Dimashq","36B68DC3-CCAC-4305-9D57-B01755E0279A","In Damascus: 4 Mecidiye per year","newspaper",1,"day",0.219178082191781,NA,"",1911-01-01,1911-01-01,1911-01-01,1910-12-26,2000-01-01,2000-01-01
1911-01-01,"","Dimashq","36B68DC3-CCAC-4305-9D57-B01755E0279A","in Damascus: 2 mecidiye per 6 months","newspaper",1,"day",0.555555555561644,NA,"",1911-01-01,1911-01-01,1911-01-01,1910-12-26,2000-01-01,2000-01-01
1911-01-01,"","Dimashq","36B68DC3-CCAC-4305-9D57-B01755E0279A","In the Ottoman Empire: £T 1 per year","newspaper",1,"day",0.273972602739726,NA,"",1911-01-01,1911-01-01,1911-01-01,1910-12-26,2000-01-01,2000-01-01
1911-01-01,"","Dimashq","36B68DC3-CCAC-4305-9D57-B01755E0279A","outside the Ottoman Empire: 25 Frcs per year","newspaper",1,"day",0.0684931506849315,NA,"",1911-01-01,1911-01-01,1911-01-01,1910-12-26,2000-01-01,2000-01-01
1911-01-01,"","Dimashq","36B68DC3-CCAC-4305-9D57-B01755E0279A","1 Metallik per copy","newspaper",1,"issue",0.25,NA,"",1911-01-01,1911-01-01,1911-01-01,1910-12-26,2000-01-01,2000-01-01
1911-07-06,"","Dimashq","3621987B-3D19-47CE-B638-79C5E1427E43","annual subscription at 1 mecidiye in Aleppo","newspaper",1,"day",0.0547945205479452,NA,"",1911-01-01,1911-07-01,1911-07-01,1911-07-03,2000-07-05,2000-07-01
1911-07-06,"","Dimashq","3621987B-3D19-47CE-B638-79C5E1427E43","1;25 mecidiye at other places","newspaper",1,"day",0.0684931506849315,NA,"",1911-01-01,1911-07-01,1911-07-01,1911-07-03,2000-07-05,2000-07-01
1912-01-01,"","Dimashq","96402DC1-3912-4E7A-A863-36336458651D","In Damascus: 4 Mecidiye per year","newspaper",1,"day",0.219178082191781,NA,"",1912-01-01,1912-01-01,1912-01-01,1912-01-01,2000-01-01,2000-01-01
1912-01-01,"","Dimashq","96402DC1-3912-4E7A-A863-36336458651D","in Damascus: 2 mecidiye per 6 months","newspaper",1,"day",0.555555555561644,NA,"",1912-01-01,1912-01-01,1912-01-01,1912-01-01,2000-01-01,2000-01-01
1912-01-01,"","Dimashq","96402DC1-3912-4E7A-A863-36336458651D","In the Ottoman Empire: £T 1 per year","newspaper",1,"day",0.273972602739726,NA,"",1912-01-01,1912-01-01,1912-01-01,1912-01-01,2000-01-01,2000-01-01
1912-01-01,"","Dimashq","96402DC1-3912-4E7A-A863-36336458651D","outside the Ottoman Empire: 25 Frcs per year","newspaper",1,"day",0.0684931506849315,NA,"",1912-01-01,1912-01-01,1912-01-01,1912-01-01,2000-01-01,2000-01-01
1912-01-01,"","Dimashq","96402DC1-3912-4E7A-A863-36336458651D","1 Metallik per copy","newspaper",1,"issue",0.25,NA,"",1912-01-01,1912-01-01,1912-01-01,1912-01-01,2000-01-01,2000-01-01
1913-01-04,"","Dimashq","FDB884D0-55A1-4B1E-B13D-9D4116F8464B","In Damascus: 4 Mecidiye per year","newspaper",1,"day",0.219178082191781,NA,"",1913-01-01,1913-01-01,1913-01-01,1912-12-30,2000-01-04,2000-01-01
1913-01-04,"","Dimashq","FDB884D0-55A1-4B1E-B13D-9D4116F8464B","in Damascus: 2 mecidiye per 6 months","newspaper",1,"day",0.555555555561644,NA,"",1913-01-01,1913-01-01,1913-01-01,1912-12-30,2000-01-04,2000-01-01
1913-01-04,"","Dimashq","FDB884D0-55A1-4B1E-B13D-9D4116F8464B","In the Ottoman Empire: £T 1 per year","newspaper",1,"day",0.273972602739726,NA,"",1913-01-01,1913-01-01,1913-01-01,1912-12-30,2000-01-04,2000-01-01
1913-01-04,"","Dimashq","FDB884D0-55A1-4B1E-B13D-9D4116F8464B","outside the Ottoman Empire: 25 Frcs per year","newspaper",1,"day",0.0684931506849315,NA,"",1913-01-01,1913-01-01,1913-01-01,1912-12-30,2000-01-04,2000-01-01
1913-01-04,"","Dimashq","FDB884D0-55A1-4B1E-B13D-9D4116F8464B","1 Metallik per copy","newspaper",1,"issue",0.25,NA,"",1913-01-01,1913-01-01,1913-01-01,1912-12-30,2000-01-04,2000-01-01
1913-10-18,"","Bayrūt","DA973BB4-4BA5-482A-AA99-FB91611118BD","outside: Frcs 25 (per year)","newspaper",1,"day",0.0684931506849315,NA,"",1913-01-01,1913-10-01,1913-10-01,1913-10-13,2000-10-17,2000-10-01
1913-10-18,"","Bayrūt","DA973BB4-4BA5-482A-AA99-FB91611118BD","outside Ottoman Empire: Frcs 18 (no other price listed) (per year)","newspaper",1,"day",0.0493150684931507,NA,"",1913-01-01,1913-10-01,1913-10-01,1913-10-13,2000-10-17,2000-10-01
1913-10-18,"","Bayrūt","DA973BB4-4BA5-482A-AA99-FB91611118BD","outside: Frcs 10 (per year)","newspaper",1,"day",0.0273972602739726,NA,"",1913-01-01,1913-10-01,1913-10-01,1913-10-13,2000-10-17,2000-10-01
1914-01-02,"","Bayrūt","0896096F-8FC9-45E5-90C3-A15CD3865CE4","Frcs 8;50 per year","newspaper",1,"day",0.0232876712328767,NA,"",1914-01-01,1914-01-01,1914-01-01,1913-12-29,2000-01-02,2000-01-01
1914-01-02,"","Bayrūt","0896096F-8FC9-45E5-90C3-A15CD3865CE4","Frcs 5 for six months","newspaper",1,"day",0.0694444444452055,NA,"",1914-01-01,1914-01-01,1914-01-01,1913-12-29,2000-01-02,2000-01-01
1914-01-02,"","Bayrūt","0896096F-8FC9-45E5-90C3-A15CD3865CE4","Frcs 6 for six months","newspaper",1,"day",0.0833333333342466,NA,"",1914-01-01,1914-01-01,1914-01-01,1913-12-29,2000-01-02,2000-01-01
1914-01-02,"","Bayrūt","0896096F-8FC9-45E5-90C3-A15CD3865CE4","Frcs 8 for six months","newspaper",1,"day",0.111111111112329,NA,"",1914-01-01,1914-01-01,1914-01-01,1913-12-29,2000-01-02,2000-01-01
1914-01-02,"","Bayrūt","132443FF-4C6D-4D8C-97AF-810DF61529B1","outside: Frcs 25 (per year)","newspaper",1,"day",0.0684931506849315,NA,"",1914-01-01,1914-01-01,1914-01-01,1913-12-29,2000-01-02,2000-01-01
1914-01-02,"","Bayrūt","132443FF-4C6D-4D8C-97AF-810DF61529B1","outside Ottoman Empire: Frcs 18 (no other price listed) (per year)","newspaper",1,"day",0.0493150684931507,NA,"",1914-01-01,1914-01-01,1914-01-01,1913-12-29,2000-01-02,2000-01-01
1914-01-02,"","Bayrūt","132443FF-4C6D-4D8C-97AF-810DF61529B1","outside: Frcs 10 (per year)","newspaper",1,"day",0.0273972602739726,NA,"",1914-01-01,1914-01-01,1914-01-01,1913-12-29,2000-01-02,2000-01-01
1914-01-22,"","Dimashq","414A9DAE-8030-4596-8D17-CAA4377BA66A","In Damascus: 4 Mecidiye per year","newspaper",1,"day",0.219178082191781,NA,"",1914-01-01,1914-01-01,1914-01-01,1914-01-19,2000-01-22,2000-01-01
1914-01-22,"","Dimashq","414A9DAE-8030-4596-8D17-CAA4377BA66A","in Damascus: 2 mecidiye per 6 months","newspaper",1,"day",0.555555555561644,NA,"",1914-01-01,1914-01-01,1914-01-01,1914-01-19,2000-01-22,2000-01-01
1914-01-22,"","Dimashq","414A9DAE-8030-4596-8D17-CAA4377BA66A","In the Ottoman Empire: £T 1 per year","newspaper",1,"day",0.273972602739726,NA,"",1914-01-01,1914-01-01,1914-01-01,1914-01-19,2000-01-22,2000-01-01
1914-01-22,"","Dimashq","414A9DAE-8030-4596-8D17-CAA4377BA66A","outside the Ottoman Empire: 25 Frcs per year","newspaper",1,"day",0.0684931506849315,NA,"",1914-01-01,1914-01-01,1914-01-01,1914-01-19,2000-01-22,2000-01-01
1914-01-22,"","Dimashq","414A9DAE-8030-4596-8D17-CAA4377BA66A","1 Metallik per copy","newspaper",1,"issue",0.25,NA,"",1914-01-01,1914-01-01,1914-01-01,1914-01-19,2000-01-22,2000-01-01
1914-09-07,"","Bayrūt","FEB42E4C-3750-43E1-B71A-CE659AFEC548","outside: Frcs 25 (per year)","newspaper",1,"day",0.0684931506849315,NA,"",1914-01-01,1914-07-01,1914-09-01,1914-09-07,2000-09-06,2000-09-01
1914-09-07,"","Bayrūt","FEB42E4C-3750-43E1-B71A-CE659AFEC548","outside Ottoman Empire: Frcs 18 (no other price listed) (per year)","newspaper",1,"day",0.0493150684931507,NA,"",1914-01-01,1914-07-01,1914-09-01,1914-09-07,2000-09-06,2000-09-01
1914-09-07,"","Bayrūt","FEB42E4C-3750-43E1-B71A-CE659AFEC548","outside: Frcs 10 (per year)","newspaper",1,"day",0.0273972602739726,NA,"",1914-01-01,1914-07-01,1914-09-01,1914-09-07,2000-09-06,2000-09-01
1915-01-06,"","Dimashq","129D71EA-8ADD-49DE-A82A-8C46CA62DE6D","In Damascus: 4 Mecidiye per year","newspaper",1,"day",0.219178082191781,NA,"",1915-01-01,1915-01-01,1915-01-01,1915-01-04,2000-01-06,2000-01-01
1915-01-06,"","Dimashq","129D71EA-8ADD-49DE-A82A-8C46CA62DE6D","in Damascus: 2 mecidiye per 6 months","newspaper",1,"day",0.555555555561644,NA,"",1915-01-01,1915-01-01,1915-01-01,1915-01-04,2000-01-06,2000-01-01
1915-01-06,"","Dimashq","129D71EA-8ADD-49DE-A82A-8C46CA62DE6D","In the Ottoman Empire: £T 1 per year","newspaper",1,"day",0.273972602739726,NA,"",1915-01-01,1915-01-01,1915-01-01,1915-01-04,2000-01-06,2000-01-01
1915-01-06,"","Dimashq","129D71EA-8ADD-49DE-A82A-8C46CA62DE6D","outside the Ottoman Empire: 25 Frcs per year","newspaper",1,"day",0.0684931506849315,NA,"",1915-01-01,1915-01-01,1915-01-01,1915-01-04,2000-01-06,2000-01-01
1915-01-06,"","Dimashq","129D71EA-8ADD-49DE-A82A-8C46CA62DE6D","1 Metallik per copy","newspaper",1,"issue",0.25,NA,"",1915-01-01,1915-01-01,1915-01-01,1915-01-04,2000-01-06,2000-01-01
1916-02-10,"","Dimashq","1C144AC6-D71C-4AAB-8E38-25416F5EABC0","In Damascus: 4 Mecidiye per year","newspaper",1,"day",0.219178082191781,NA,"",1916-01-01,1916-01-01,1916-02-01,1916-02-07,2000-02-10,2000-02-01
1916-02-10,"","Dimashq","1C144AC6-D71C-4AAB-8E38-25416F5EABC0","in Damascus: 2 mecidiye per 6 months","newspaper",1,"day",0.555555555561644,NA,"",1916-01-01,1916-01-01,1916-02-01,1916-02-07,2000-02-10,2000-02-01
1916-02-10,"","Dimashq","1C144AC6-D71C-4AAB-8E38-25416F5EABC0","In the Ottoman Empire: £T 1 per year","newspaper",1,"day",0.273972602739726,NA,"",1916-01-01,1916-01-01,1916-02-01,1916-02-07,2000-02-10,2000-02-01
1916-02-10,"","Dimashq","1C144AC6-D71C-4AAB-8E38-25416F5EABC0","outside the Ottoman Empire: 25 Frcs per year","newspaper",1,"day",0.0684931506849315,NA,"",1916-01-01,1916-01-01,1916-02-01,1916-02-07,2000-02-10,2000-02-01
1916-02-10,"","Dimashq","1C144AC6-D71C-4AAB-8E38-25416F5EABC0","1 Metallik per copy","newspaper",1,"issue",0.25,NA,"",1916-01-01,1916-01-01,1916-02-01,1916-02-07,2000-02-10,2000-02-01
1916-04-25,"","Dimashq","774D0748-6AFC-497E-B08C-A0B169870A94","annual subscription price is Ps 100","newspaper",1,"day",0.273972602739726,NA,"",1916-01-01,1916-04-01,1916-04-01,1916-04-24,2000-04-25,2000-04-01
1916-04-25,"","Dimashq","774D0748-6AFC-497E-B08C-A0B169870A94","half a year's subscription costs Ps 60","newspaper",1,"day",0.833333333342466,NA,"",1916-01-01,1916-04-01,1916-04-01,1916-04-24,2000-04-25,2000-04-01
1916-04-25,"","Dimashq","774D0748-6AFC-497E-B08C-A0B169870A94","three months cost Ps 35","newspaper",1,"day",0.972222222232877,NA,"",1916-01-01,1916-04-01,1916-04-01,1916-04-24,2000-04-25,2000-04-01
1916-11-06,"","Dimashq","037E4727-20B0-4940-9982-A5386F5824B8","In Damascus: 4 Mecidiye per year","newspaper",1,"day",0.219178082191781,NA,"",1916-01-01,1916-10-01,1916-11-01,1916-11-06,2000-11-06,2000-11-01
1916-11-06,"","Dimashq","037E4727-20B0-4940-9982-A5386F5824B8","in Damascus: 2 mecidiye per 6 months","newspaper",1,"day",0.555555555561644,NA,"",1916-01-01,1916-10-01,1916-11-01,1916-11-06,2000-11-06,2000-11-01
1916-11-06,"","Dimashq","037E4727-20B0-4940-9982-A5386F5824B8","In the Ottoman Empire: £T 1 per year","newspaper",1,"day",0.273972602739726,NA,"",1916-01-01,1916-10-01,1916-11-01,1916-11-06,2000-11-06,2000-11-01
1916-11-06,"","Dimashq","037E4727-20B0-4940-9982-A5386F5824B8","outside the Ottoman Empire: 25 Frcs per year","newspaper",1,"day",0.0684931506849315,NA,"",1916-01-01,1916-10-01,1916-11-01,1916-11-06,2000-11-06,2000-11-01
1918-03-17,"","Damascus","BF4422C5-64AB-4387-BF25-9492ACD0CCAF","For one year: For one year: Ps 100","newspaper",1,"day",0.273972602739726,NA,"",1918-01-01,1918-01-01,1918-03-01,1918-03-11,2000-03-16,2000-03-01
1918-03-17,"","Damascus","BF4422C5-64AB-4387-BF25-9492ACD0CCAF","For six months: Ps 60","newspaper",1,"day",0.833333333342466,NA,"",1918-01-01,1918-01-01,1918-03-01,1918-03-11,2000-03-16,2000-03-01
1918-05-19,"","Damaskus","B98B61BA-C558-4A22-87A5-F2E6CC711C92","single copy: Ps 1","newspaper",1,"issue",1,NA,"",1918-01-01,1918-04-01,1918-05-01,1918-05-13,2000-05-18,2000-05-01
1918-05-19,"","Damaskus","B98B61BA-C558-4A22-87A5-F2E6CC711C92","price of monthly subscription: Ps 10","newspaper",1,"day",0.833333333342466,NA,"",1918-01-01,1918-04-01,1918-05-01,1918-05-13,2000-05-18,2000-05-01
1918-05-19,"","Damaskus","B98B61BA-C558-4A22-87A5-F2E6CC711C92","single copy: Ps 2","newspaper",1,"issue",2,NA,"",1918-01-01,1918-04-01,1918-05-01,1918-05-13,2000-05-18,2000-05-01
1918-05-19,"","Damaskus","B98B61BA-C558-4A22-87A5-F2E6CC711C92","monthly subscription together with the daily report: Ps 15","newspaper",1,"day",1.2500000000137,NA,"",1918-01-01,1918-04-01,1918-05-01,1918-05-13,2000-05-18,2000-05-01
2006-01-01,"P1Y","Bayrūt","CF40D65F-019A-421C-96F9-A0E5A413BAA5","annual subscription of Lisān al-Ḥāl for 4 mecidiye","newspaper",1,"day",0.219178082191781,NA,"",2006-01-01,2006-01-01,2006-01-01,2005-12-26,2000-01-01,2000-01-01
2006-01-01,"P1Y","Bayrūt","CF40D65F-019A-421C-96F9-A0E5A413BAA5","£T 1 via telegraph for the annual subscription of al-Ḥaqāʾiq","newspaper",1,"day",0.273972602739726,NA,"",2006-01-01,2006-01-01,2006-01-01,2005-12-26,2000-01-01,2000-01-01
